{
  "activityId": 20723195489,
  "uuidMsb": 1943085624867373281,
  "uuidLsb": -8694481808726217701,
  "name": "Paarl Road Cycling",
  "activityType": "road_biking",
  "userProfileId": 105499641,
  "timeZoneId": 144,
  "beginTimestamp": 1760761688000,
  "eventTypeId": 9,
  "rule": "public",
  "sportType": "CYCLING",
  "startTimeGmt": 1760761688000.0,
  "startTimeLocal": 1760768888000.0,
  "duration": 12354375.9765625,
  "distance": 6858403.125,
  "elevationGain": 68509.00000035763,
  "elevationLoss": 68625.99999904633,
  "avgSpeed": 0.5551000118255616,
  "maxSpeed": 1.7746999740600586,
  "avgHr": 117.0,
  "maxHr": 159.0,
  "minHr": 43.0,
  "avgPower": 104.0,
  "maxPower": 565.0,
  "avgBikeCadence": 60.0,
  "maxBikeCadence": 104.0,
  "calories": 6708.222019999999,
  "bmrCalories": 1328.23634,
  "startLongitude": 18.98768207989633,
  "startLatitude": -33.74495794996619,
  "aerobicTrainingEffect": 3.0,
  "strokes": 9456.0,
  "normPower": 136.0,
  "avgLeftBalance": 48.32,
  "avgRightBalance": 51.68,
  "max20MinPower": 157.07166666666666,
  "avgFractionalCadence": 0.0,
  "maxFractionalCadence": 0.0,
  "trainingStressScore": 107.80000305175781,
  "intensityFactor": 0.5609999895095825,
  "vO2MaxValue": 53.0,
  "elapsedDuration": 14796021.484375,
  "movingDuration": 11965414.001464844,
  "anaerobicTrainingEffect": 0.30000001192092896,
  "deviceId": 3453407945,
  "minElevation": 8900.0,
  "maxElevation": 56740.00244140625,
  "locationName": "Paarl",
  "summarizedDiveInfo": {},
  "maxVerticalSpeed": 0.059999847412109376,
  "manufacturer": "GARMIN",
  "lapCount": 14,
  "endLongitude": 18.987986175343394,
  "endLatitude": -33.744948310777545,
  "waterEstimated": 1237.0,
  "trainingEffectLabel": "AEROBIC_BASE",
  "activityTrainingLoad": 67.75552368164062,
  "aerobicTrainingEffectMessage": "IMPROVING_AEROBIC_BASE_8",
  "anaerobicTrainingEffectMessage": "NO_ANAEROBIC_BENEFIT_0",
  "moderateIntensityMinutes": 108,
  "vigorousIntensityMinutes": 68,
  "differenceBodyBattery": -32,
  "maxLatitude": -33.629091968759894,
  "maxLongitude": 19.104333110153675,
  "minLatitude": -33.76387280412018,
  "minLongitude": 18.958228826522827,
  "hrTimeInZone_0": 662981,
  "hrTimeInZone_1": 6438019,
  "hrTimeInZone_2": 3924394,
  "hrTimeInZone_3": 1312944,
  "hrTimeInZone_4": 16001,
  "hrTimeInZone_5": 0,
  "hrTimeInZone_6": 0,
  "powerTimeInZone_0": 0,
  "powerTimeInZone_1": 7698039,
  "powerTimeInZone_2": 2823796,
  "powerTimeInZone_3": 1083025,
  "powerTimeInZone_4": 348997,
  "powerTimeInZone_5": 160987,
  "powerTimeInZone_6": 132990,
  "powerTimeInZone_7": 99000,
  "purposeful": false,
  "autoCalcCalories": false,
  "favorite": false,
  "pr": false,
  "elevationCorrected": false,
  "atpActivity": false,
  "decoDive": false,
  "parent": false
}